{
  "project_info": {
    "project_number": "296482659697",
    "project_id": "dumkaec",
    "storage_bucket": "dumkaec.appspot.com"
  },
  "client": [
    {
      "client_info": {
        "mobilesdk_app_id": "1:296482659697:android:fa63d70cdd9529cbc7ead0",
        "android_client_info": {
          "package_name": "com.alpna.firebase"
        }
      },
      "oauth_client": [
        {
          "client_id": "296482659697-eo39bpop7bnppnei5erktov6qtgeaeql.apps.googleusercontent.com",
          "client_type": 3
        }
      ],
      "api_key": [
        {
          "current_key": "AIzaSyCTIb01mCeI6CtjyZFLuAm5kYp71DOUfss"
        }
      ],
      "services": {
        "appinvite_service": {
          "other_platform_oauth_client": [
            {
              "client_id": "296482659697-eo39bpop7bnppnei5erktov6qtgeaeql.apps.googleusercontent.com",
              "client_type": 3
            }
          ]
        }
      }
    }
  ],
  "configuration_version": "1"
}